date_m,state_abbrev,city,android_visits,ios_visits,pct_ios
2020m1,AZ,PHOENIX,405512,197490,.32751134
2020m2,AZ,PHOENIX,320698,176810,.35539126
2020m3,AZ,PHOENIX,298406,163813,.35440558
2020m4,AZ,PHOENIX,213844,109350,.33834168
2020m5,AZ,PHOENIX,250898,141089,.35993287
2020m6,AZ,PHOENIX,260171,152058,.36886778
2020m7,AZ,PHOENIX,255922,156896,.38006094
2020m8,AZ,PHOENIX,254712,166307,.39501068
2020m9,AZ,PHOENIX,241328,156320,.3931115
2020m10,AZ,PHOENIX,255279,169421,.39891922
2020m11,AZ,PHOENIX,249627,179127,.41778502
2020m12,AZ,PHOENIX,249754,175264,.41236842
2021m1,AZ,PHOENIX,226762,168832,.426781
2021m2,AZ,PHOENIX,210760,176416,.45564806
2021m3,AZ,PHOENIX,257994,236084,.4778274
2021m4,AZ,PHOENIX,240360,226487,.48514181
2021m5,AZ,PHOENIX,251623,222557,.46935129
2021m6,AZ,PHOENIX,249818,196570,.44035682
2021m7,AZ,PHOENIX,281245,207136,.42412788
2021m8,AZ,PHOENIX,268723,204206,.43178996
2021m9,AZ,PHOENIX,269201,193554,.41826454
2021m10,AZ,PHOENIX,273881,210334,.43438143
2021m11,AZ,PHOENIX,276705,216470,.43893141
2021m12,AZ,PHOENIX,264411,210292,.44299698
2022m1,AZ,PHOENIX,237325,199310,.45646822
2022m2,AZ,PHOENIX,238652,200613,.45670155
2022m3,AZ,PHOENIX,290465,241304,.45377597
2022m4,AZ,PHOENIX,340553,249376,.42272204
2022m5,AZ,PHOENIX,278020,178825,.39143473
2022m6,AZ,PHOENIX,259754,158658,.37919083
2020m1,AZ,TUCSON,222473,87921,.28325611
2020m2,AZ,TUCSON,179207,87370,.3277477
2020m3,AZ,TUCSON,157801,77011,.32796875
2020m4,AZ,TUCSON,110921,50206,.31159273
2020m5,AZ,TUCSON,133748,67524,.33548629
2020m6,AZ,TUCSON,142853,72193,.33570957
2020m7,AZ,TUCSON,137595,71695,.34256294
2020m8,AZ,TUCSON,138769,76385,.35502478
2020m9,AZ,TUCSON,134525,71060,.34564778
2020m10,AZ,TUCSON,141701,78100,.35532141
2020m11,AZ,TUCSON,124909,74224,.3727358
2020m12,AZ,TUCSON,134344,79760,.37252924
2021m1,AZ,TUCSON,119441,76063,.38906109
2021m2,AZ,TUCSON,111697,81908,.4230676
2021m3,AZ,TUCSON,133115,106171,.44369918
2021m4,AZ,TUCSON,129610,107404,.45315465
2021m5,AZ,TUCSON,139925,108181,.43602735
2021m6,AZ,TUCSON,136717,96736,.41437036
2021m7,AZ,TUCSON,143196,103473,.41948116
2021m8,AZ,TUCSON,148200,110711,.42760253
2021m9,AZ,TUCSON,146034,106185,.42100316
2021m10,AZ,TUCSON,153179,117709,.43453014
2021m11,AZ,TUCSON,156558,120987,.43591851
2021m12,AZ,TUCSON,145923,118727,.44861892
2022m1,AZ,TUCSON,129704,110400,.45980075
2022m2,AZ,TUCSON,130132,109516,.4569869
2022m3,AZ,TUCSON,151947,129108,.45936915
2022m4,AZ,TUCSON,151002,128923,.46056265
2022m5,AZ,TUCSON,138050,93786,.40453598
2022m6,AZ,TUCSON,123210,82706,.40164921
2020m1,CA,BAKERSFIELD,111561,74278,.39969006
2020m2,CA,BAKERSFIELD,98518,68025,.40845308
2020m3,CA,BAKERSFIELD,87505,60825,.41006538
2020m4,CA,BAKERSFIELD,61447,44846,.42190924
2020m5,CA,BAKERSFIELD,74640,57808,.43645808
2020m6,CA,BAKERSFIELD,79841,63893,.44452253
2020m7,CA,BAKERSFIELD,78117,64799,.45340618
2020m8,CA,BAKERSFIELD,79221,62563,.44125572
2020m9,CA,BAKERSFIELD,77859,60219,.43612307
2020m10,CA,BAKERSFIELD,78928,64774,.45075226
2020m11,CA,BAKERSFIELD,70809,61381,.4643392
2020m12,CA,BAKERSFIELD,73231,64062,.4666079
2021m1,CA,BAKERSFIELD,67719,61107,.47433749
2021m2,CA,BAKERSFIELD,65602,65357,.49906459
2021m3,CA,BAKERSFIELD,77324,79277,.5062356
2021m4,CA,BAKERSFIELD,75205,82584,.52338248
2021m5,CA,BAKERSFIELD,83089,86757,.51079804
2021m6,CA,BAKERSFIELD,84966,82691,.49321532
2021m7,CA,BAKERSFIELD,88193,86254,.49444243
2021m8,CA,BAKERSFIELD,87942,86398,.49557188
2021m9,CA,BAKERSFIELD,86226,82341,.4884764
2021m10,CA,BAKERSFIELD,89375,88863,.49856371
2021m11,CA,BAKERSFIELD,90425,92334,.50522274
2021m12,CA,BAKERSFIELD,86694,96118,.52577513
2022m1,CA,BAKERSFIELD,77806,88574,.53235966
2022m2,CA,BAKERSFIELD,78489,88105,.52886057
2022m3,CA,BAKERSFIELD,90208,99256,.52387786
2022m4,CA,BAKERSFIELD,91816,103398,.52966487
2022m5,CA,BAKERSFIELD,83354,77005,.48020381
2022m6,CA,BAKERSFIELD,77081,72115,.48335746
2020m1,CA,FRESNO,116912,78379,.40134466
2020m2,CA,FRESNO,101774,75408,.42559627
2020m3,CA,FRESNO,86070,62106,.4191367
2020m4,CA,FRESNO,57698,40913,.41489285
2020m5,CA,FRESNO,68119,52549,.43548414
2020m6,CA,FRESNO,76104,62948,.45269397
2020m7,CA,FRESNO,74156,62010,.45540002
2020m8,CA,FRESNO,75810,59796,.44095394
2020m9,CA,FRESNO,76415,58291,.43272758
2020m10,CA,FRESNO,79060,65636,.4536131
2020m11,CA,FRESNO,69755,61200,.46733612
2020m12,CA,FRESNO,74049,64839,.46684378
2021m1,CA,FRESNO,67128,60068,.47224754
2021m2,CA,FRESNO,64546,64141,.49842641
2021m3,CA,FRESNO,75395,77900,.50817055
2021m4,CA,FRESNO,74766,79735,.5160808
2021m5,CA,FRESNO,81552,85271,.51114655
2021m6,CA,FRESNO,81873,80070,.49443322
2021m7,CA,FRESNO,85297,83099,.49347371
2021m8,CA,FRESNO,89726,87313,.4931851
2021m9,CA,FRESNO,87733,82145,.4835529
2021m10,CA,FRESNO,90975,88759,.49383533
2021m11,CA,FRESNO,89881,89058,.49770033
2021m12,CA,FRESNO,89452,98199,.52330655
2022m1,CA,FRESNO,79570,88021,.52521318
2022m2,CA,FRESNO,77995,86061,.52458304
2022m3,CA,FRESNO,93758,101197,.51907879
2022m4,CA,FRESNO,91961,101862,.52554137
2022m5,CA,FRESNO,84281,76268,.475045
2022m6,CA,FRESNO,76117,68724,.4744789
2020m1,CA,LOS ANGELES,362221,215135,.37262106
2020m2,CA,LOS ANGELES,318322,194282,.37900993
2020m3,CA,LOS ANGELES,229589,143363,.38440067
2020m4,CA,LOS ANGELES,128172,75162,.36964798
2020m5,CA,LOS ANGELES,146837,93091,.38799557
2020m6,CA,LOS ANGELES,170671,115163,.40290168
2020m7,CA,LOS ANGELES,180615,119410,.39800018
2020m8,CA,LOS ANGELES,186375,133746,.41779828
2020m9,CA,LOS ANGELES,174173,114133,.39587453
2020m10,CA,LOS ANGELES,177584,119859,.40296459
2020m11,CA,LOS ANGELES,158434,110183,.41018626
2020m12,CA,LOS ANGELES,157400,108174,.40732151
2021m1,CA,LOS ANGELES,140774,102322,.42091191
2021m2,CA,LOS ANGELES,139003,108727,.43889314
2021m3,CA,LOS ANGELES,156800,130581,.45438287
2021m4,CA,LOS ANGELES,166582,139241,.45529932
2021m5,CA,LOS ANGELES,173681,145898,.45653188
2021m6,CA,LOS ANGELES,184018,141130,.4340485
2021m7,CA,LOS ANGELES,188105,146749,.43824771
2021m8,CA,LOS ANGELES,192269,152418,.44219249
2021m9,CA,LOS ANGELES,189901,145167,.43324637
2021m10,CA,LOS ANGELES,197067,157496,.44419751
2021m11,CA,LOS ANGELES,194572,160953,.45271921
2021m12,CA,LOS ANGELES,179223,166311,.48131588
2022m1,CA,LOS ANGELES,166508,156270,.48414081
2022m2,CA,LOS ANGELES,170184,157591,.48079017
2022m3,CA,LOS ANGELES,199444,186502,.48323339
2022m4,CA,LOS ANGELES,193939,184040,.48690537
2022m5,CA,LOS ANGELES,185858,135780,.42215163
2022m6,CA,LOS ANGELES,165229,125428,.43153271
2020m1,CA,OAKLAND,53432,31970,.37434721
2020m2,CA,OAKLAND,46587,29183,.38515243
2020m3,CA,OAKLAND,34937,23624,.40340841
2020m4,CA,OAKLAND,21258,14738,.40943438
2020m5,CA,OAKLAND,23612,17165,.42094809
2020m6,CA,OAKLAND,23938,17855,.42722467
2020m7,CA,OAKLAND,25519,19342,.43115401
2020m8,CA,OAKLAND,26769,19810,.42529896
2020m9,CA,OAKLAND,26574,19552,.4238824
2020m10,CA,OAKLAND,26634,19722,.42544654
2020m11,CA,OAKLAND,23535,18906,.44546548
2020m12,CA,OAKLAND,23918,19650,.45101911
2021m1,CA,OAKLAND,21712,18819,.46431127
2021m2,CA,OAKLAND,20676,19264,.4823235
2021m3,CA,OAKLAND,22743,21991,.49159476
2021m4,CA,OAKLAND,23289,22152,.48748928
2021m5,CA,OAKLAND,25579,23482,.47862864
2021m6,CA,OAKLAND,25354,20851,.4512715
2021m7,CA,OAKLAND,27329,20608,.42989758
2021m8,CA,OAKLAND,27298,21634,.44212377
2021m9,CA,OAKLAND,26941,20475,.43181625
2021m10,CA,OAKLAND,27296,21854,.44463885
2021m11,CA,OAKLAND,27331,22927,.45618609
2021m12,CA,OAKLAND,22705,23323,.50671333
2022m1,CA,OAKLAND,21471,22704,.51395583
2022m2,CA,OAKLAND,21912,22084,.50195473
2022m3,CA,OAKLAND,26638,25964,.49359339
2022m4,CA,OAKLAND,24911,24965,.50054133
2022m5,CA,OAKLAND,24449,19387,.44226205
2022m6,CA,OAKLAND,20475,17537,.46135432
2020m1,CA,SACRAMENTO,164038,97768,.37343681
2020m2,CA,SACRAMENTO,147699,95072,.39161184
2020m3,CA,SACRAMENTO,138556,90727,.39569876
2020m4,CA,SACRAMENTO,81298,53162,.39537409
2020m5,CA,SACRAMENTO,96769,67084,.40941575
2020m6,CA,SACRAMENTO,106951,76819,.41801709
2020m7,CA,SACRAMENTO,112839,82525,.42241663
2020m8,CA,SACRAMENTO,112607,81032,.41846943
2020m9,CA,SACRAMENTO,108632,77412,.41609511
2020m10,CA,SACRAMENTO,107194,78247,.42195091
2020m11,CA,SACRAMENTO,107366,83811,.43839478
2020m12,CA,SACRAMENTO,100023,76734,.43412143
2021m1,CA,SACRAMENTO,111212,86545,.43763307
2021m2,CA,SACRAMENTO,102612,88076,.46188539
2021m3,CA,SACRAMENTO,102074,93913,.47917974
2021m4,CA,SACRAMENTO,113117,103321,.47736996
2021m5,CA,SACRAMENTO,112571,102913,.47758999
2021m6,CA,SACRAMENTO,114455,95796,.45562685
2021m7,CA,SACRAMENTO,121239,98879,.44920906
2021m8,CA,SACRAMENTO,126040,96854,.43452942
2021m9,CA,SACRAMENTO,116236,87316,.42896163
2021m10,CA,SACRAMENTO,125202,91334,.4217959
2021m11,CA,SACRAMENTO,120246,96673,.44566405
2021m12,CA,SACRAMENTO,105880,101812,.49020666
2022m1,CA,SACRAMENTO,101089,92877,.47883135
2022m2,CA,SACRAMENTO,103280,88721,.46208614
2022m3,CA,SACRAMENTO,114672,104427,.47662017
2022m4,CA,SACRAMENTO,121475,104806,.46316749
2022m5,CA,SACRAMENTO,106896,78589,.42369464
2022m6,CA,SACRAMENTO,103862,72009,.40944216
2020m1,CA,SAN DIEGO,221490,171721,.43671465
2020m2,CA,SAN DIEGO,186962,156226,.45521986
2020m3,CA,SAN DIEGO,146208,117254,.4450509
2020m4,CA,SAN DIEGO,85642,64317,.42889723
2020m5,CA,SAN DIEGO,101755,84585,.45392829
2020m6,CA,SAN DIEGO,122161,107758,.46867809
2020m7,CA,SAN DIEGO,127542,119347,.48340347
2020m8,CA,SAN DIEGO,134571,124078,.47971576
2020m9,CA,SAN DIEGO,130939,115255,.46814707
2020m10,CA,SAN DIEGO,125179,114709,.47817731
2020m11,CA,SAN DIEGO,106112,106606,.50116116
2020m12,CA,SAN DIEGO,110013,110932,.50207973
2021m1,CA,SAN DIEGO,96124,102341,.51566273
2021m2,CA,SAN DIEGO,91325,106753,.53894424
2021m3,CA,SAN DIEGO,106170,130087,.5506165
2021m4,CA,SAN DIEGO,109343,134133,.55090851
2021m5,CA,SAN DIEGO,120949,144813,.54489732
2021m6,CA,SAN DIEGO,127671,138268,.51992375
2021m7,CA,SAN DIEGO,135509,149715,.52490324
2021m8,CA,SAN DIEGO,129693,144806,.52752835
2021m9,CA,SAN DIEGO,126081,135228,.51750225
2021m10,CA,SAN DIEGO,125184,141109,.52990127
2021m11,CA,SAN DIEGO,125486,146397,.5384559
2021m12,CA,SAN DIEGO,125372,156924,.5558846
2022m1,CA,SAN DIEGO,110493,139244,.55756253
2022m2,CA,SAN DIEGO,112345,139818,.55447471
2022m3,CA,SAN DIEGO,132363,165321,.55535734
2022m4,CA,SAN DIEGO,129588,161840,.55533445
2022m5,CA,SAN DIEGO,116191,112057,.49094406
2022m6,CA,SAN DIEGO,111757,108376,.49232054
2020m1,CA,SAN FRANCISCO,77151,86658,.52901858
2020m2,CA,SAN FRANCISCO,68544,77419,.53040153
2020m3,CA,SAN FRANCISCO,44421,49715,.52811891
2020m4,CA,SAN FRANCISCO,23538,23409,.49862611
2020m5,CA,SAN FRANCISCO,25894,27269,.51293194
2020m6,CA,SAN FRANCISCO,29006,30552,.51297897
2020m7,CA,SAN FRANCISCO,31126,33234,.51637661
2020m8,CA,SAN FRANCISCO,31988,34078,.51581752
2020m9,CA,SAN FRANCISCO,31792,33904,.51607406
2020m10,CA,SAN FRANCISCO,33308,35155,.51348907
2020m11,CA,SAN FRANCISCO,28553,31482,.52439409
2020m12,CA,SAN FRANCISCO,27279,31674,.53727543
2021m1,CA,SAN FRANCISCO,25467,30039,.54118472
2021m2,CA,SAN FRANCISCO,24537,30955,.55782813
2021m3,CA,SAN FRANCISCO,27798,35408,.56019998
2021m4,CA,SAN FRANCISCO,28501,36613,.56229073
2021m5,CA,SAN FRANCISCO,32347,39707,.55107284
2021m6,CA,SAN FRANCISCO,34984,37681,.51855779
2021m7,CA,SAN FRANCISCO,37757,39642,.51217717
2021m8,CA,SAN FRANCISCO,37333,40121,.5179978
2021m9,CA,SAN FRANCISCO,36043,37228,.50808644
2021m10,CA,SAN FRANCISCO,35304,39375,.52725667
2021m11,CA,SAN FRANCISCO,37814,42351,.5282979
2021m12,CA,SAN FRANCISCO,33445,43384,.5646826
2022m1,CA,SAN FRANCISCO,29859,38109,.56069034
2022m2,CA,SAN FRANCISCO,31126,37898,.5490554
2022m3,CA,SAN FRANCISCO,35795,45579,.56011748
2022m4,CA,SAN FRANCISCO,34763,42489,.5500052
2022m5,CA,SAN FRANCISCO,36152,32304,.47189435
2022m6,CA,SAN FRANCISCO,31171,30497,.49453527
2020m1,CA,SAN JOSE,134721,110924,.45156223
2020m2,CA,SAN JOSE,115572,102131,.46912995
2020m3,CA,SAN JOSE,87125,77080,.46941322
2020m4,CA,SAN JOSE,52482,46224,.46829981
2020m5,CA,SAN JOSE,63282,58965,.48234314
2020m6,CA,SAN JOSE,73224,68341,.48275352
2020m7,CA,SAN JOSE,75011,73501,.49491623
2020m8,CA,SAN JOSE,76664,71512,.48261526
2020m9,CA,SAN JOSE,75855,71632,.48568347
2020m10,CA,SAN JOSE,78415,76883,.49506754
2020m11,CA,SAN JOSE,68894,72180,.51164639
2020m12,CA,SAN JOSE,70255,74622,.51507139
2021m1,CA,SAN JOSE,62181,67070,.51891279
2021m2,CA,SAN JOSE,58287,69728,.5446862
2021m3,CA,SAN JOSE,65886,81744,.55370861
2021m4,CA,SAN JOSE,68120,85462,.55645841
2021m5,CA,SAN JOSE,76537,93362,.54951471
2021m6,CA,SAN JOSE,76267,86168,.53047681
2021m7,CA,SAN JOSE,79195,86777,.52284122
2021m8,CA,SAN JOSE,82046,92648,.53034449
2021m9,CA,SAN JOSE,79260,87918,.52589458
2021m10,CA,SAN JOSE,78787,90009,.53324133
2021m11,CA,SAN JOSE,78422,93399,.54358315
2021m12,CA,SAN JOSE,76474,101173,.56951708
2022m1,CA,SAN JOSE,65189,87588,.5733062
2022m2,CA,SAN JOSE,63799,83437,.56668884
2022m3,CA,SAN JOSE,71488,93845,.56761205
2022m4,CA,SAN JOSE,70608,93488,.56971526
2022m5,CA,SAN JOSE,67294,68862,.50575811
2022m6,CA,SAN JOSE,60859,64437,.51427817
2020m1,CO,COLORADO SPRINGS,141099,60747,.30095717
2020m2,CO,COLORADO SPRINGS,108172,59420,.35455152
2020m3,CO,COLORADO SPRINGS,96625,54769,.36176467
2020m4,CO,COLORADO SPRINGS,68501,36462,.34737957
2020m5,CO,COLORADO SPRINGS,97291,54786,.36025172
2020m6,CO,COLORADO SPRINGS,105545,60241,.36336604
2020m7,CO,COLORADO SPRINGS,109564,65165,.37294897
2020m8,CO,COLORADO SPRINGS,108214,65199,.37597528
2020m9,CO,COLORADO SPRINGS,100246,58341,.36788008
2020m10,CO,COLORADO SPRINGS,101259,60895,.37553808
2020m11,CO,COLORADO SPRINGS,85271,54232,.38875151
2020m12,CO,COLORADO SPRINGS,90298,59467,.39706874
2021m1,CO,COLORADO SPRINGS,82022,55913,.4053576
2021m2,CO,COLORADO SPRINGS,73647,55365,.42914614
2021m3,CO,COLORADO SPRINGS,85614,69239,.44712728
2021m4,CO,COLORADO SPRINGS,87112,72269,.45343548
2021m5,CO,COLORADO SPRINGS,99552,77760,.43854901
2021m6,CO,COLORADO SPRINGS,106846,74536,.41093382
2021m7,CO,COLORADO SPRINGS,111206,78218,.41292551
2021m8,CO,COLORADO SPRINGS,108435,73868,.40519354
2021m9,CO,COLORADO SPRINGS,104306,68862,.39766008
2021m10,CO,COLORADO SPRINGS,103503,71083,.40715179
2021m11,CO,COLORADO SPRINGS,101511,70567,.41008729
2021m12,CO,COLORADO SPRINGS,93799,72362,.43549329
2022m1,CO,COLORADO SPRINGS,83706,65910,.44052774
2022m2,CO,COLORADO SPRINGS,83106,63734,.43403706
2022m3,CO,COLORADO SPRINGS,101616,78428,.43560463
2022m4,CO,COLORADO SPRINGS,101587,77767,.433595
2022m5,CO,COLORADO SPRINGS,93233,55913,.3748877
2022m6,CO,COLORADO SPRINGS,88380,53941,.37900943
2020m1,CO,DENVER,164225,89170,.35190117
2020m2,CO,DENVER,117997,69882,.37195215
2020m3,CO,DENVER,87692,52571,.37480304
2020m4,CO,DENVER,57555,28554,.33160296
2020m5,CO,DENVER,70019,41111,.36993611
2020m6,CO,DENVER,81488,48273,.3720147
2020m7,CO,DENVER,83460,54047,.39304909
2020m8,CO,DENVER,83565,56451,.40317535
2020m9,CO,DENVER,77959,51455,.39759997
2020m10,CO,DENVER,77829,53195,.40599433
2020m11,CO,DENVER,63890,45961,.418394
2020m12,CO,DENVER,67447,52164,.43611374
2021m1,CO,DENVER,62099,51591,.45378661
2021m2,CO,DENVER,58006,53758,.48099566
2021m3,CO,DENVER,65061,66336,.5048517
2021m4,CO,DENVER,67235,70717,.51262033
2021m5,CO,DENVER,75971,76271,.50098526
2021m6,CO,DENVER,81694,74938,.47843352
2021m7,CO,DENVER,87317,82173,.48482507
2021m8,CO,DENVER,84017,76848,.47771734
2021m9,CO,DENVER,83585,73751,.46874842
2021m10,CO,DENVER,85849,78919,.47897044
2021m11,CO,DENVER,82310,77685,.48554641
2021m12,CO,DENVER,72635,79225,.52169764
2022m1,CO,DENVER,66570,75896,.53273064
2022m2,CO,DENVER,67139,75891,.530595
2022m3,CO,DENVER,86924,99341,.53333157
2022m4,CO,DENVER,83318,94430,.53125775
2022m5,CO,DENVER,76585,69496,.47573605
2022m6,CO,DENVER,75109,67484,.47326306
2020m1,DC,WASHINGTON,110882,74281,.40116546
2020m2,DC,WASHINGTON,100033,94555,.48592409
2020m3,DC,WASHINGTON,67878,40057,.3711215
2020m4,DC,WASHINGTON,35225,17198,.32806212
2020m5,DC,WASHINGTON,40326,20331,.33517978
2020m6,DC,WASHINGTON,46365,23249,.33397019
2020m7,DC,WASHINGTON,47795,25131,.34460962
2020m8,DC,WASHINGTON,44249,28121,.3885726
2020m9,DC,WASHINGTON,42554,26980,.38801163
2020m10,DC,WASHINGTON,41858,25780,.3811467
2020m11,DC,WASHINGTON,33670,22818,.40394419
2020m12,DC,WASHINGTON,33544,24156,.41864818
2021m1,DC,WASHINGTON,31908,23732,.42652768
2021m2,DC,WASHINGTON,27709,22372,.44671631
2021m3,DC,WASHINGTON,32479,27863,.46175134
2021m4,DC,WASHINGTON,34731,30768,.46974763
2021m5,DC,WASHINGTON,38131,31173,.44980088
2021m6,DC,WASHINGTON,40797,30561,.42827713
2021m7,DC,WASHINGTON,45204,32507,.41830629
2021m8,DC,WASHINGTON,56511,39596,.41199914
2021m9,DC,WASHINGTON,73573,34112,.31677577
2021m10,DC,WASHINGTON,44624,35097,.44024786
2021m11,DC,WASHINGTON,58865,34900,.37220711
2021m12,DC,WASHINGTON,61902,33243,.34939304
2022m1,DC,WASHINGTON,54690,29462,.35010457
2022m2,DC,WASHINGTON,74883,32769,.30439749
2022m3,DC,WASHINGTON,41743,42721,.50578946
2022m4,DC,WASHINGTON,111985,47340,.2971285
2022m5,DC,WASHINGTON,104590,29854,.22205529
2022m6,DC,WASHINGTON,88388,27177,.23516636
2020m1,FL,JACKSONVILLE,348990,201120,.3655996
2020m2,FL,JACKSONVILLE,274690,188649,.40715113
2020m3,FL,JACKSONVILLE,247474,167182,.40318239
2020m4,FL,JACKSONVILLE,178017,116175,.39489517
2020m5,FL,JACKSONVILLE,213375,161307,.43051708
2020m6,FL,JACKSONVILLE,232794,176429,.43113169
2020m7,FL,JACKSONVILLE,225288,176321,.43903649
2020m8,FL,JACKSONVILLE,231636,183707,.4423019
2020m9,FL,JACKSONVILLE,220979,166825,.43017864
2020m10,FL,JACKSONVILLE,227369,173248,.43245295
2020m11,FL,JACKSONVILLE,198448,166044,.45554909
2020m12,FL,JACKSONVILLE,224129,189474,.45810595
2021m1,FL,JACKSONVILLE,199308,175853,.46874008
2021m2,FL,JACKSONVILLE,180069,177468,.49636263
2021m3,FL,JACKSONVILLE,213182,227812,.51658756
2021m4,FL,JACKSONVILLE,209056,230799,.52471608
2021m5,FL,JACKSONVILLE,225214,232760,.50823843
2021m6,FL,JACKSONVILLE,224888,210012,.48289722
2021m7,FL,JACKSONVILLE,233749,220896,.48586479
2021m8,FL,JACKSONVILLE,224580,211717,.48525891
2021m9,FL,JACKSONVILLE,223289,202390,.47545215
2021m10,FL,JACKSONVILLE,232530,219404,.48547795
2021m11,FL,JACKSONVILLE,232242,227390,.49472186
2021m12,FL,JACKSONVILLE,222028,237707,.51705223
2022m1,FL,JACKSONVILLE,195778,213348,.52147257
2022m2,FL,JACKSONVILLE,196758,209444,.5156154
2022m3,FL,JACKSONVILLE,229804,250751,.52179462
2022m4,FL,JACKSONVILLE,237006,264971,.52785486
2022m5,FL,JACKSONVILLE,231924,185261,.44407398
2022m6,FL,JACKSONVILLE,231361,173872,.42906675
2020m1,FL,MIAMI,398382,298457,.42830122
2020m2,FL,MIAMI,310675,277613,.47189981
2020m3,FL,MIAMI,250005,220359,.4684861
2020m4,FL,MIAMI,153439,121590,.44209883
2020m5,FL,MIAMI,191802,165762,.46358693
2020m6,FL,MIAMI,223254,198434,.47057065
2020m7,FL,MIAMI,215243,192652,.47230783
2020m8,FL,MIAMI,210522,204950,.49329439
2020m9,FL,MIAMI,203553,198902,.49422172
2020m10,FL,MIAMI,213698,211643,.49758428
2020m11,FL,MIAMI,186847,195927,.51186079
2020m12,FL,MIAMI,203271,230275,.53114319
2021m1,FL,MIAMI,180915,214218,.5421415
2021m2,FL,MIAMI,167332,211038,.55775565
2021m3,FL,MIAMI,191987,262319,.57740599
2021m4,FL,MIAMI,186239,266942,.58904058
2021m5,FL,MIAMI,201368,278275,.58017111
2021m6,FL,MIAMI,198865,246408,.55338633
2021m7,FL,MIAMI,201540,248467,.5521403
2021m8,FL,MIAMI,199824,247071,.55286139
2021m9,FL,MIAMI,195863,232196,.54243922
2021m10,FL,MIAMI,207246,252776,.54948676
2021m11,FL,MIAMI,211195,270475,.56153589
2021m12,FL,MIAMI,203176,291760,.58949035
2022m1,FL,MIAMI,182814,264815,.59159482
2022m2,FL,MIAMI,186914,268447,.5895257
2022m3,FL,MIAMI,225468,319141,.5860002
2022m4,FL,MIAMI,236743,338039,.58811688
2022m5,FL,MIAMI,204614,251759,.55165184
2022m6,FL,MIAMI,187046,229980,.55147642
2020m1,FL,TAMPA,308816,179155,.36714271
2020m2,FL,TAMPA,244525,169700,.40968072
2020m3,FL,TAMPA,202069,141121,.41120371
2020m4,FL,TAMPA,128454,81118,.38706505
2020m5,FL,TAMPA,161595,113257,.41206542
2020m6,FL,TAMPA,178979,127083,.41521978
2020m7,FL,TAMPA,178925,128863,.41867453
2020m8,FL,TAMPA,180860,140266,.43679428
2020m9,FL,TAMPA,175123,132619,.43094215
2020m10,FL,TAMPA,182373,140325,.43484929
2020m11,FL,TAMPA,152826,126006,.45190653
2020m12,FL,TAMPA,168096,140357,.4550353
2021m1,FL,TAMPA,161621,143053,.46952808
2021m2,FL,TAMPA,144830,145754,.50158989
2021m3,FL,TAMPA,163276,177703,.52115524
2021m4,FL,TAMPA,159988,179003,.52804649
2021m5,FL,TAMPA,170822,179396,.51224095
2021m6,FL,TAMPA,171528,159342,.48158491
2021m7,FL,TAMPA,180074,165076,.47827321
2021m8,FL,TAMPA,181721,168210,.48069477
2021m9,FL,TAMPA,172869,156492,.47513822
2021m10,FL,TAMPA,191420,176065,.47910798
2021m11,FL,TAMPA,184265,175251,.48746371
2021m12,FL,TAMPA,188457,182882,.49249339
2022m1,FL,TAMPA,159032,173909,.52234179
2022m2,FL,TAMPA,157344,170797,.52049881
2022m3,FL,TAMPA,207492,203184,.494755
2022m4,FL,TAMPA,182462,205459,.52964133
2022m5,FL,TAMPA,163158,144181,.46912694
2022m6,FL,TAMPA,149289,131580,.46847463
2020m1,GA,ATLANTA,166475,128747,.43610233
2020m2,GA,ATLANTA,130392,113764,.46594799
2020m3,GA,ATLANTA,103800,81989,.4413017
2020m4,GA,ATLANTA,62668,45352,.41984817
2020m5,GA,ATLANTA,81300,66494,.44991001
2020m6,GA,ATLANTA,90716,77411,.46043169
2020m7,GA,ATLANTA,92061,81725,.47026229
2020m8,GA,ATLANTA,90714,88873,.49487436
2020m9,GA,ATLANTA,84055,83782,.49918672
2020m10,GA,ATLANTA,85501,87490,.50574887
2020m11,GA,ATLANTA,73048,79839,.52220923
2020m12,GA,ATLANTA,86790,104959,.54737705
2021m1,GA,ATLANTA,69791,84624,.54802966
2021m2,GA,ATLANTA,71028,95924,.57456034
2021m3,GA,ATLANTA,71721,100002,.58234483
2021m4,GA,ATLANTA,73738,105644,.58893311
2021m5,GA,ATLANTA,84271,110663,.56769472
2021m6,GA,ATLANTA,80199,95359,.54317659
2021m7,GA,ATLANTA,87333,104632,.54505771
2021m8,GA,ATLANTA,81293,96534,.54285347
2021m9,GA,ATLANTA,80153,88810,.52561802
2021m10,GA,ATLANTA,82156,95337,.53713107
2021m11,GA,ATLANTA,79861,94038,.54076219
2021m12,GA,ATLANTA,77749,96355,.5534336
2022m1,GA,ATLANTA,63343,88503,.58284712
2022m2,GA,ATLANTA,63373,89432,.5852688
2022m3,GA,ATLANTA,78133,107580,.57928091
2022m4,GA,ATLANTA,79434,108618,.57759553
2022m5,GA,ATLANTA,70519,72277,.50615561
2022m6,GA,ATLANTA,66509,67705,.50445557
2020m1,HI,HONOLULU,72163,55939,.43667546
2020m2,HI,HONOLULU,56576,50003,.46916372
2020m3,HI,HONOLULU,44501,41033,.47972736
2020m4,HI,HONOLULU,26721,22100,.45267406
2020m5,HI,HONOLULU,31232,27784,.47078758
2020m6,HI,HONOLULU,35544,31095,.46661866
2020m7,HI,HONOLULU,35604,32808,.47956499
2020m8,HI,HONOLULU,32308,30001,.48148742
2020m9,HI,HONOLULU,28357,25919,.47754073
2020m10,HI,HONOLULU,31497,30538,.4922705
2020m11,HI,HONOLULU,28644,30504,.51572329
2020m12,HI,HONOLULU,31652,35392,.52789211
2021m1,HI,HONOLULU,27956,32006,.5337714
2021m2,HI,HONOLULU,25982,32880,.5585947
2021m3,HI,HONOLULU,31599,44327,.58381844
2021m4,HI,HONOLULU,31838,45146,.58643353
2021m5,HI,HONOLULU,35254,46908,.57092088
2021m6,HI,HONOLULU,40115,50019,.5549404
2021m7,HI,HONOLULU,42846,54142,.55823404
2021m8,HI,HONOLULU,39884,48962,.55108839
2021m9,HI,HONOLULU,34994,37444,.51691103
2021m10,HI,HONOLULU,36295,40594,.52795589
2021m11,HI,HONOLULU,38016,43818,.5354498
2021m12,HI,HONOLULU,42807,55345,.56387031
2022m1,HI,HONOLULU,35208,46049,.56670809
2022m2,HI,HONOLULU,34986,44010,.55711681
2022m3,HI,HONOLULU,47700,60920,.56085438
2022m4,HI,HONOLULU,45392,55610,.55058318
2022m5,HI,HONOLULU,37692,35627,.48591769
2022m6,HI,HONOLULU,35162,35503,.5024128
2020m1,ID,BOISE,60010,26835,.30899879
2020m2,ID,BOISE,49486,26571,.34935641
2020m3,ID,BOISE,50319,26954,.34881523
2020m4,ID,BOISE,33822,17238,.33760282
2020m5,ID,BOISE,48035,24994,.34224761
2020m6,ID,BOISE,50134,27083,.35073882
2020m7,ID,BOISE,53130,30765,.3667084
2020m8,ID,BOISE,52066,33499,.39150354
2020m9,ID,BOISE,43025,25962,.37633178
2020m10,ID,BOISE,43388,26981,.38342169
2020m11,ID,BOISE,38650,25017,.39293513
2020m12,ID,BOISE,41217,26813,.39413494
2021m1,ID,BOISE,37891,25494,.40220872
2021m2,ID,BOISE,34438,25552,.42593765
2021m3,ID,BOISE,41403,32137,.43700027
2021m4,ID,BOISE,43072,33396,.4367317
2021m5,ID,BOISE,46077,34050,.42495039
2021m6,ID,BOISE,49659,32826,.39796326
2021m7,ID,BOISE,52030,33362,.39069232
2021m8,ID,BOISE,49181,32472,.39768288
2021m9,ID,BOISE,46210,28906,.38481814
2021m10,ID,BOISE,46243,30491,.3973597
2021m11,ID,BOISE,45118,29839,.39808157
2021m12,ID,BOISE,43977,30548,.40990272
2022m1,ID,BOISE,39897,29192,.42252746
2022m2,ID,BOISE,41842,29955,.417218
2022m3,ID,BOISE,51251,35484,.40910819
2022m4,ID,BOISE,52069,34900,.40129241
2022m5,ID,BOISE,46889,24418,.34243482
2022m6,ID,BOISE,43667,23407,.34897277
2020m1,IL,CHICAGO,468338,286556,.37959766
2020m2,IL,CHICAGO,375773,274470,.42210373
2020m3,IL,CHICAGO,308802,228480,.42525154
2020m4,IL,CHICAGO,204250,131367,.39141938
2020m5,IL,CHICAGO,247308,166096,.40177646
2020m6,IL,CHICAGO,282016,196140,.41020086
2020m7,IL,CHICAGO,291446,211716,.42077103
2020m8,IL,CHICAGO,291145,224836,.43574473
2020m9,IL,CHICAGO,267046,198238,.42605805
2020m10,IL,CHICAGO,266313,196068,.4240399
2020m11,IL,CHICAGO,235199,199612,.45907763
2020m12,IL,CHICAGO,235021,199190,.45874012
2021m1,IL,CHICAGO,216925,199679,.47930169
2021m2,IL,CHICAGO,193757,184812,.48818576
2021m3,IL,CHICAGO,225169,226817,.50182307
2021m4,IL,CHICAGO,223244,224696,.50162077
2021m5,IL,CHICAGO,245024,240138,.49496457
2021m6,IL,CHICAGO,259836,235011,.47491649
2021m7,IL,CHICAGO,264843,234852,.4699907
2021m8,IL,CHICAGO,274354,247626,.47439748
2021m9,IL,CHICAGO,277796,219839,.44176757
2021m10,IL,CHICAGO,279301,228904,.45041665
2021m11,IL,CHICAGO,271465,243986,.47334471
2021m12,IL,CHICAGO,230100,225961,.49546224
2022m1,IL,CHICAGO,202793,202462,.49959162
2022m2,IL,CHICAGO,208206,202022,.49246272
2022m3,IL,CHICAGO,249717,247828,.49810168
2022m4,IL,CHICAGO,251947,247751,.49580148
2022m5,IL,CHICAGO,254005,207823,.45000085
2022m6,IL,CHICAGO,239878,198616,.45295033
2020m1,KS,WICHITA,123531,72194,.36885425
2020m2,KS,WICHITA,101845,71257,.41164747
2020m3,KS,WICHITA,90565,63012,.41029581
2020m4,KS,WICHITA,67965,44311,.39466137
2020m5,KS,WICHITA,91131,67064,.42393249
2020m6,KS,WICHITA,99584,74337,.4274182
2020m7,KS,WICHITA,97039,72239,.42674771
2020m8,KS,WICHITA,97261,73767,.43131533
2020m9,KS,WICHITA,90038,67338,.42787972
2020m10,KS,WICHITA,94430,69963,.42558381
2020m11,KS,WICHITA,82285,65952,.44490916
2020m12,KS,WICHITA,91903,75103,.44970241
2021m1,KS,WICHITA,79934,68423,.46120507
2021m2,KS,WICHITA,73630,68149,.48067063
2021m3,KS,WICHITA,94501,91119,.49089
2021m4,KS,WICHITA,91079,91061,.49995059
2021m5,KS,WICHITA,100608,96839,.49045566
2021m6,KS,WICHITA,102255,90053,.46827486
2021m7,KS,WICHITA,105579,90761,.46226445
2021m8,KS,WICHITA,106724,89711,.45669559
2021m9,KS,WICHITA,101337,82169,.44777283
2021m10,KS,WICHITA,107343,88428,.451691
2021m11,KS,WICHITA,105592,90922,.46267441
2021m12,KS,WICHITA,106874,97904,.47809824
2022m1,KS,WICHITA,87526,83231,.48742366
2022m2,KS,WICHITA,87460,81808,.48330459
2022m3,KS,WICHITA,107232,101844,.48711473
2022m4,KS,WICHITA,110720,104825,.48632535
2022m5,KS,WICHITA,101294,74842,.42491031
2022m6,KS,WICHITA,105641,71336,.40308061
2020m1,KY,LOUISVILLE,200751,138237,.40779319
2020m2,KY,LOUISVILLE,160096,130803,.44965091
2020m3,KY,LOUISVILLE,145663,117494,.44647872
2020m4,KY,LOUISVILLE,105518,81479,.43572357
2020m5,KY,LOUISVILLE,127470,107864,.45834431
2020m6,KY,LOUISVILLE,143762,120316,.4556078
2020m7,KY,LOUISVILLE,140318,123054,.46722507
2020m8,KY,LOUISVILLE,141390,123816,.46686727
2020m9,KY,LOUISVILLE,136848,115509,.45772061
2020m10,KY,LOUISVILLE,137945,121430,.46816385
2020m11,KY,LOUISVILLE,114437,112933,.49669263
2020m12,KY,LOUISVILLE,124262,124795,.50107002
2021m1,KY,LOUISVILLE,107781,114872,.51592386
2021m2,KY,LOUISVILLE,95308,114392,.54550308
2021m3,KY,LOUISVILLE,118209,150761,.5605123
2021m4,KY,LOUISVILLE,120814,155453,.56269115
2021m5,KY,LOUISVILLE,131266,161503,.55163968
2021m6,KY,LOUISVILLE,128865,144823,.52915365
2021m7,KY,LOUISVILLE,135160,151914,.52918065
2021m8,KY,LOUISVILLE,134000,149710,.52768672
2021m9,KY,LOUISVILLE,133855,141697,.5142296
2021m10,KY,LOUISVILLE,135498,150292,.52588266
2021m11,KY,LOUISVILLE,139377,159281,.53332239
2021m12,KY,LOUISVILLE,125140,158661,.55905724
2022m1,KY,LOUISVILLE,107068,138499,.56399679
2022m2,KY,LOUISVILLE,108354,137261,.55884618
2022m3,KY,LOUISVILLE,130313,165074,.55883974
2022m4,KY,LOUISVILLE,134456,171722,.56085676
2022m5,KY,LOUISVILLE,126495,122575,.49213073
2022m6,KY,LOUISVILLE,115468,110602,.48923784
2020m1,LA,NEW ORLEANS,88007,59175,.40205324
2020m2,LA,NEW ORLEANS,76856,63749,.45339072
2020m3,LA,NEW ORLEANS,50393,40376,.44482148
2020m4,LA,NEW ORLEANS,30453,21998,.41940096
2020m5,LA,NEW ORLEANS,37297,30109,.44668129
2020m6,LA,NEW ORLEANS,41044,33685,.45076209
2020m7,LA,NEW ORLEANS,42499,34455,.44773501
2020m8,LA,NEW ORLEANS,41443,37497,.47500634
2020m9,LA,NEW ORLEANS,41078,35262,.46190727
2020m10,LA,NEW ORLEANS,43367,38495,.47024259
2020m11,LA,NEW ORLEANS,37031,35023,.48606601
2020m12,LA,NEW ORLEANS,37263,36481,.49469787
2021m1,LA,NEW ORLEANS,33365,35092,.51261377
2021m2,LA,NEW ORLEANS,31205,36956,.54218686
2021m3,LA,NEW ORLEANS,39378,51257,.56553209
2021m4,LA,NEW ORLEANS,38260,50606,.56946415
2021m5,LA,NEW ORLEANS,43210,55528,.56237721
2021m6,LA,NEW ORLEANS,43835,46972,.51727289
2021m7,LA,NEW ORLEANS,46812,50538,.51913714
2021m8,LA,NEW ORLEANS,40045,44154,.52440053
2021m9,LA,NEW ORLEANS,36192,35093,.49229151
2021m10,LA,NEW ORLEANS,44483,48691,.5225814
2021m11,LA,NEW ORLEANS,44827,50692,.53070068
2021m12,LA,NEW ORLEANS,39035,50050,.56182295
2022m1,LA,NEW ORLEANS,34789,45194,.56504506
2022m2,LA,NEW ORLEANS,37246,51666,.5810914
2022m3,LA,NEW ORLEANS,45914,59162,.56304008
2022m4,LA,NEW ORLEANS,50312,57424,.53300661
2022m5,LA,NEW ORLEANS,41155,41438,.50171322
2022m6,LA,NEW ORLEANS,36245,37305,.50720596
2020m1,MA,BOSTON,53163,63066,.54260123
2020m2,MA,BOSTON,44446,59078,.57066959
2020m3,MA,BOSTON,26078,29191,.52816224
2020m4,MA,BOSTON,10490,7411,.41399923
2020m5,MA,BOSTON,12403,9736,.43976691
2020m6,MA,BOSTON,16788,13743,.45013264
2020m7,MA,BOSTON,22367,22810,.50490296
2020m8,MA,BOSTON,19905,27347,.57874799
2020m9,MA,BOSTON,18436,24079,.56636482
2020m10,MA,BOSTON,17853,20595,.53565854
2020m11,MA,BOSTON,13804,17955,.56535155
2020m12,MA,BOSTON,11304,12290,.52089512
2021m1,MA,BOSTON,10349,12633,.54969108
2021m2,MA,BOSTON,9047,12119,.57256919
2021m3,MA,BOSTON,10732,15325,.58813369
2021m4,MA,BOSTON,11675,17764,.60341722
2021m5,MA,BOSTON,12932,17670,.57741326
2021m6,MA,BOSTON,13897,16453,.54210871
2021m7,MA,BOSTON,16124,18611,.53579962
2021m8,MA,BOSTON,16253,19236,.54202712
2021m9,MA,BOSTON,15551,19258,.55324775
2021m10,MA,BOSTON,15565,20409,.56732643
2021m11,MA,BOSTON,14052,18096,.56289661
2021m12,MA,BOSTON,12269,17732,.59104699
2022m1,MA,BOSTON,9843,14958,.60312086
2022m2,MA,BOSTON,10751,16830,.61020267
2022m3,MA,BOSTON,15083,20980,.58175969
2022m4,MA,BOSTON,15457,22720,.59512269
2022m5,MA,BOSTON,17502,15403,.46810514
2022m6,MA,BOSTON,13196,12841,.49318278
2020m1,MD,BALTIMORE,136101,55543,.28982383
2020m2,MD,BALTIMORE,112663,49743,.30628794
2020m3,MD,BALTIMORE,93559,46535,.33216983
2020m4,MD,BALTIMORE,62186,28642,.31534329
2020m5,MD,BALTIMORE,75244,35080,.31797251
2020m6,MD,BALTIMORE,79631,38650,.32676423
2020m7,MD,BALTIMORE,80931,40713,.33468974
2020m8,MD,BALTIMORE,79831,56377,.41390374
2020m9,MD,BALTIMORE,71893,42388,.37091029
2020m10,MD,BALTIMORE,70545,39980,.3617281
2020m11,MD,BALTIMORE,61631,37987,.38132668
2020m12,MD,BALTIMORE,60890,37146,.37890163
2021m1,MD,BALTIMORE,57114,37237,.39466462
2021m2,MD,BALTIMORE,50009,35083,.41229492
2021m3,MD,BALTIMORE,63952,50965,.44349399
2021m4,MD,BALTIMORE,61671,45226,.42308018
2021m5,MD,BALTIMORE,70116,56399,.44578904
2021m6,MD,BALTIMORE,69598,45080,.39310068
2021m7,MD,BALTIMORE,71601,43246,.37655315
2021m8,MD,BALTIMORE,76767,45413,.37168932
2021m9,MD,BALTIMORE,83479,41358,.331296
2021m10,MD,BALTIMORE,70536,42105,.37379816
2021m11,MD,BALTIMORE,70809,43012,.3778916
2021m12,MD,BALTIMORE,56715,40838,.41862372
2022m1,MD,BALTIMORE,50670,36489,.41864869
2022m2,MD,BALTIMORE,54867,38228,.41063431
2022m3,MD,BALTIMORE,68018,45743,.40209737
2022m4,MD,BALTIMORE,66007,48392,.42301068
2022m5,MD,BALTIMORE,61723,35440,.36474791
2022m6,MD,BALTIMORE,54068,33033,.37924936
2020m1,MI,DETROIT,154436,53470,.25718352
2020m2,MI,DETROIT,135154,54009,.28551567
2020m3,MI,DETROIT,134309,59212,.30597195
2020m4,MI,DETROIT,81334,28375,.25863877
2020m5,MI,DETROIT,120982,41233,.25418735
2020m6,MI,DETROIT,130387,65494,.33435607
2020m7,MI,DETROIT,129289,78561,.37796968
2020m8,MI,DETROIT,123669,90204,.42176431
2020m9,MI,DETROIT,111684,78332,.41223896
2020m10,MI,DETROIT,122857,92642,.42989525
2020m11,MI,DETROIT,142440,119476,.45616153
2020m12,MI,DETROIT,109891,79347,.4192974
2021m1,MI,DETROIT,89980,62121,.4084194
2021m2,MI,DETROIT,89195,67845,.43202367
2021m3,MI,DETROIT,92113,68276,.42569005
2021m4,MI,DETROIT,86342,67295,.43801299
2021m5,MI,DETROIT,111352,87197,.4391712
2021m6,MI,DETROIT,148294,98010,.3979229
2021m7,MI,DETROIT,123022,79490,.39251995
2021m8,MI,DETROIT,134377,75924,.36102539
2021m9,MI,DETROIT,157015,48755,.2369393
2021m10,MI,DETROIT,110593,45838,.29302377
2021m11,MI,DETROIT,154456,46606,.23179914
2021m12,MI,DETROIT,154297,44288,.22301786
2022m1,MI,DETROIT,108362,37442,.25679681
2022m2,MI,DETROIT,112932,38693,.25518879
2022m3,MI,DETROIT,76737,47897,.38430125
2022m4,MI,DETROIT,202408,51040,.20138253
2022m5,MI,DETROIT,203906,42434,.17225786
2022m6,MI,DETROIT,169691,42737,.20118345
2020m1,MN,MINNEAPOLIS,62073,30236,.32755202
2020m2,MN,MINNEAPOLIS,58415,29762,.33752567
2020m3,MN,MINNEAPOLIS,47802,24142,.33556655
2020m4,MN,MINNEAPOLIS,27928,14145,.33620137
2020m5,MN,MINNEAPOLIS,31921,17900,.35928625
2020m6,MN,MINNEAPOLIS,32777,17802,.35196427
2020m7,MN,MINNEAPOLIS,33473,19063,.36285594
2020m8,MN,MINNEAPOLIS,32687,20889,.38989472
2020m9,MN,MINNEAPOLIS,30486,19661,.39206731
2020m10,MN,MINNEAPOLIS,30457,19188,.38650417
2020m11,MN,MINNEAPOLIS,24175,16192,.40111974
2020m12,MN,MINNEAPOLIS,22934,17011,.42586055
2021m1,MN,MINNEAPOLIS,20795,17372,.45515761
2021m2,MN,MINNEAPOLIS,19738,17664,.47227421
2021m3,MN,MINNEAPOLIS,22129,21240,.48975074
2021m4,MN,MINNEAPOLIS,23254,22067,.48690453
2021m5,MN,MINNEAPOLIS,26902,25805,.48959342
2021m6,MN,MINNEAPOLIS,27770,23504,.45839998
2021m7,MN,MINNEAPOLIS,28573,23814,.45457843
2021m8,MN,MINNEAPOLIS,29159,24616,.45775917
2021m9,MN,MINNEAPOLIS,28515,23408,.4508214
2021m10,MN,MINNEAPOLIS,29454,25103,.46012428
2021m11,MN,MINNEAPOLIS,26923,24787,.47934636
2021m12,MN,MINNEAPOLIS,22058,22416,.5040248
2022m1,MN,MINNEAPOLIS,20308,21692,.51647621
2022m2,MN,MINNEAPOLIS,21549,21916,.5042218
2022m3,MN,MINNEAPOLIS,26036,26652,.50584573
2022m4,MN,MINNEAPOLIS,25348,26113,.50743282
2022m5,MN,MINNEAPOLIS,25783,21319,.45261347
2022m6,MN,MINNEAPOLIS,24129,20210,.4558064
2020m1,MO,KANSAS CITY,153640,100263,.39488703
2020m2,MO,KANSAS CITY,131624,103467,.44011468
2020m3,MO,KANSAS CITY,112331,85714,.43280062
2020m4,MO,KANSAS CITY,81240,59276,.4218452
2020m5,MO,KANSAS CITY,102981,83402,.44747645
2020m6,MO,KANSAS CITY,113953,91585,.44558671
2020m7,MO,KANSAS CITY,113179,95705,.45817295
2020m8,MO,KANSAS CITY,114174,96686,.45853174
2020m9,MO,KANSAS CITY,109428,89674,.45039228
2020m10,MO,KANSAS CITY,110671,92749,.45594829
2020m11,MO,KANSAS CITY,95872,83561,.46569473
2020m12,MO,KANSAS CITY,102539,92379,.47393775
2021m1,MO,KANSAS CITY,89964,82691,.47893777
2021m2,MO,KANSAS CITY,83885,84929,.50309217
2021m3,MO,KANSAS CITY,105241,113915,.51978958
2021m4,MO,KANSAS CITY,105913,118822,.5287205
2021m5,MO,KANSAS CITY,116613,123851,.51505005
2021m6,MO,KANSAS CITY,121038,114086,.48521632
2021m7,MO,KANSAS CITY,123993,117245,.4860138
2021m8,MO,KANSAS CITY,121277,113933,.48438841
2021m9,MO,KANSAS CITY,118157,105893,.4726311
2021m10,MO,KANSAS CITY,122125,115078,.48514563
2021m11,MO,KANSAS CITY,117014,112998,.49127004
2021m12,MO,KANSAS CITY,112949,119851,.51482385
2022m1,MO,KANSAS CITY,94166,102001,.51997024
2022m2,MO,KANSAS CITY,93540,98349,.51253068
2022m3,MO,KANSAS CITY,115332,118372,.50650394
2022m4,MO,KANSAS CITY,119122,124729,.51149678
2022m5,MO,KANSAS CITY,108875,89463,.45106333
2022m6,MO,KANSAS CITY,101661,85752,.45755631
2020m1,NC,CHARLOTTE,251020,205094,.44965512
2020m2,NC,CHARLOTTE,189351,174534,.47964054
2020m3,NC,CHARLOTTE,157732,142218,.47413903
2020m4,NC,CHARLOTTE,104017,86384,.45369509
2020m5,NC,CHARLOTTE,129867,119052,.47827607
2020m6,NC,CHARLOTTE,150941,145500,.49082279
2020m7,NC,CHARLOTTE,149779,149352,.49928626
2020m8,NC,CHARLOTTE,148791,152937,.50687045
2020m9,NC,CHARLOTTE,142127,140448,.4970291
2020m10,NC,CHARLOTTE,146166,148077,.50324732
2020m11,NC,CHARLOTTE,126874,140161,.52487874
2020m12,NC,CHARLOTTE,139079,161727,.53764552
2021m1,NC,CHARLOTTE,119877,142883,.54377759
2021m2,NC,CHARLOTTE,110415,143825,.56570566
2021m3,NC,CHARLOTTE,131423,181398,.57987797
2021m4,NC,CHARLOTTE,133460,188384,.58532703
2021m5,NC,CHARLOTTE,148146,196205,.56978202
2021m6,NC,CHARLOTTE,143126,173438,.5478766
2021m7,NC,CHARLOTTE,148403,179975,.54807264
2021m8,NC,CHARLOTTE,147373,180440,.55043578
2021m9,NC,CHARLOTTE,142110,167484,.5409795
2021m10,NC,CHARLOTTE,148450,181843,.55055058
2021m11,NC,CHARLOTTE,155032,194435,.55637586
2021m12,NC,CHARLOTTE,142084,199696,.58428228
2022m1,NC,CHARLOTTE,117726,166849,.58630943
2022m2,NC,CHARLOTTE,122523,170891,.58242279
2022m3,NC,CHARLOTTE,144029,201388,.58302861
2022m4,NC,CHARLOTTE,147468,206366,.58322829
2022m5,NC,CHARLOTTE,128831,139064,.51909888
2022m6,NC,CHARLOTTE,122446,133955,.52244335
2020m1,NC,RALEIGH,134960,118916,.46840191
2020m2,NC,RALEIGH,105213,98566,.48369068
2020m3,NC,RALEIGH,85851,81504,.48701262
2020m4,NC,RALEIGH,56732,49887,.46789971
2020m5,NC,RALEIGH,77538,66871,.4630667
2020m6,NC,RALEIGH,84605,77615,.47845519
2020m7,NC,RALEIGH,80840,80399,.49863246
2020m8,NC,RALEIGH,80946,86992,.51800066
2020m9,NC,RALEIGH,77417,79576,.50687611
2020m10,NC,RALEIGH,79493,82826,.51026684
2020m11,NC,RALEIGH,68092,77879,.5335238
2020m12,NC,RALEIGH,74611,85485,.53396088
2021m1,NC,RALEIGH,64193,77335,.54642898
2021m2,NC,RALEIGH,58952,77336,.5674454
2021m3,NC,RALEIGH,68973,95144,.57973278
2021m4,NC,RALEIGH,72352,99844,.57982767
2021m5,NC,RALEIGH,79323,103413,.56591475
2021m6,NC,RALEIGH,74396,88883,.54436272
2021m7,NC,RALEIGH,77193,90327,.53920126
2021m8,NC,RALEIGH,79081,95942,.54816794
2021m9,NC,RALEIGH,75469,89324,.54203761
2021m10,NC,RALEIGH,81149,102614,.55840403
2021m11,NC,RALEIGH,79757,99897,.55605221
2021m12,NC,RALEIGH,73669,98804,.5728665
2022m1,NC,RALEIGH,60378,84708,.58384681
2022m2,NC,RALEIGH,64844,86653,.57197833
2022m3,NC,RALEIGH,76477,103284,.57456291
2022m4,NC,RALEIGH,81507,108081,.57008356
2022m5,NC,RALEIGH,75535,75353,.49939689
2022m6,NC,RALEIGH,68736,70846,.50755829
2020m1,NE,OMAHA,135344,99446,.42355296
2020m2,NE,OMAHA,114579,102539,.47227314
2020m3,NE,OMAHA,91668,81144,.46955073
2020m4,NE,OMAHA,72901,61712,.45844012
2020m5,NE,OMAHA,89773,83199,.48099694
2020m6,NE,OMAHA,97998,89059,.47610623
2020m7,NE,OMAHA,98670,92531,.4839462
2020m8,NE,OMAHA,98433,91726,.48236474
2020m9,NE,OMAHA,93624,85552,.47747466
2020m10,NE,OMAHA,97013,89169,.47893459
2020m11,NE,OMAHA,82088,82210,.50037128
2020m12,NE,OMAHA,87984,90801,.50787818
2021m1,NE,OMAHA,80036,84947,.51488334
2021m2,NE,OMAHA,74057,86186,.53784567
2021m3,NE,OMAHA,91580,109398,.54432821
2021m4,NE,OMAHA,90992,113514,.55506438
2021m5,NE,OMAHA,101030,121086,.5451476
2021m6,NE,OMAHA,101296,107593,.51507258
2021m7,NE,OMAHA,103706,107292,.50849771
2021m8,NE,OMAHA,102949,105814,.50686187
2021m9,NE,OMAHA,101036,100185,.49788541
2021m10,NE,OMAHA,104608,107154,.50601149
2021m11,NE,OMAHA,102615,111152,.51996797
2021m12,NE,OMAHA,96694,114650,.54248053
2022m1,NE,OMAHA,84562,101109,.54456002
2022m2,NE,OMAHA,80322,92933,.53639436
2022m3,NE,OMAHA,115964,112423,.49224782
2022m4,NE,OMAHA,102834,116506,.53116626
2022m5,NE,OMAHA,121828,79381,.39452013
2022m6,NE,OMAHA,108151,74975,.40941757
2020m1,NM,ALBUQUERQUE,161486,68263,.29711989
2020m2,NM,ALBUQUERQUE,127674,67992,.3474901
2020m3,NM,ALBUQUERQUE,111139,55322,.33234212
2020m4,NM,ALBUQUERQUE,75166,35635,.32161263
2020m5,NM,ALBUQUERQUE,93789,48600,.34131849
2020m6,NM,ALBUQUERQUE,109412,58796,.34954342
2020m7,NM,ALBUQUERQUE,106310,60053,.36097571
2020m8,NM,ALBUQUERQUE,105773,59592,.36036646
2020m9,NM,ALBUQUERQUE,99535,54203,.35256734
2020m10,NM,ALBUQUERQUE,100539,56058,.3579762
2020m11,NM,ALBUQUERQUE,77444,46901,.37718445
2020m12,NM,ALBUQUERQUE,89053,56605,.38861579
2021m1,NM,ALBUQUERQUE,79153,53787,.40459606
2021m2,NM,ALBUQUERQUE,71504,55535,.43714923
2021m3,NM,ALBUQUERQUE,87983,73446,.45497403
2021m4,NM,ALBUQUERQUE,87914,73276,.45459396
2021m5,NM,ALBUQUERQUE,98391,76093,.43610302
2021m6,NM,ALBUQUERQUE,100509,73753,.42323053
2021m7,NM,ALBUQUERQUE,104802,78819,.4292483
2021m8,NM,ALBUQUERQUE,105381,79650,.43046841
2021m9,NM,ALBUQUERQUE,102398,74666,.42168933
2021m10,NM,ALBUQUERQUE,106714,82042,.43464577
2021m11,NM,ALBUQUERQUE,102791,83042,.44686359
2021m12,NM,ALBUQUERQUE,92732,81302,.4671616
2022m1,NM,ALBUQUERQUE,81667,73417,.47340152
2022m2,NM,ALBUQUERQUE,81801,72684,.47049227
2022m3,NM,ALBUQUERQUE,101756,90989,.47206932
2022m4,NM,ALBUQUERQUE,100387,89217,.47054386
2022m5,NM,ALBUQUERQUE,94974,71588,.42979792
2022m6,NM,ALBUQUERQUE,89048,66898,.42898184
2020m1,NV,LAS VEGAS,502235,304913,.37776592
2020m2,NV,LAS VEGAS,396623,291094,.42327586
2020m3,NV,LAS VEGAS,311149,217832,.4117955
2020m4,NV,LAS VEGAS,185749,114291,.38091922
2020m5,NV,LAS VEGAS,235357,153703,.39506245
2020m6,NV,LAS VEGAS,286456,201498,.41294467
2020m7,NV,LAS VEGAS,305320,224580,.42381582
2020m8,NV,LAS VEGAS,291250,224380,.435157
2020m9,NV,LAS VEGAS,281175,210850,.42853513
2020m10,NV,LAS VEGAS,290422,217381,.42808136
2020m11,NV,LAS VEGAS,248373,198687,.44443029
2020m12,NV,LAS VEGAS,248872,202378,.44848311
2021m1,NV,LAS VEGAS,228993,191673,.45564178
2021m2,NV,LAS VEGAS,218523,199786,.47760388
2021m3,NV,LAS VEGAS,271963,269071,.49732733
2021m4,NV,LAS VEGAS,274788,279686,.50441682
2021m5,NV,LAS VEGAS,297065,286625,.49105689
2021m6,NV,LAS VEGAS,310419,276336,.47095636
2021m7,NV,LAS VEGAS,324770,293790,.47495797
2021m8,NV,LAS VEGAS,308092,266031,.46336934
2021m9,NV,LAS VEGAS,300027,249277,.45380518
2021m10,NV,LAS VEGAS,341190,294652,.46340442
2021m11,NV,LAS VEGAS,314886,273018,.46439216
2021m12,NV,LAS VEGAS,297708,296551,.49902651
2022m1,NV,LAS VEGAS,252754,251184,.49844226
2022m2,NV,LAS VEGAS,265372,259175,.494093
2022m3,NV,LAS VEGAS,323165,318821,.49661675
2022m4,NV,LAS VEGAS,316751,303020,.48892251
2022m5,NV,LAS VEGAS,270527,209987,.43700495
2022m6,NV,LAS VEGAS,236105,190411,.44643342
2020m1,OH,CLEVELAND,85527,32291,.27407527
2020m2,OH,CLEVELAND,67331,30447,.31138906
2020m3,OH,CLEVELAND,56607,25120,.30736476
2020m4,OH,CLEVELAND,39968,17298,.30206406
2020m5,OH,CLEVELAND,45833,20596,.3100453
2020m6,OH,CLEVELAND,52237,22870,.30449891
2020m7,OH,CLEVELAND,51018,23873,.31876993
2020m8,OH,CLEVELAND,49447,25889,.34364712
2020m9,OH,CLEVELAND,48584,24101,.33158147
2020m10,OH,CLEVELAND,48247,23501,.32754919
2020m11,OH,CLEVELAND,39376,20599,.34345978
2020m12,OH,CLEVELAND,40198,21259,.34591666
2021m1,OH,CLEVELAND,36768,21213,.36586124
2021m2,OH,CLEVELAND,33572,21100,.38593796
2021m3,OH,CLEVELAND,40140,26669,.39918274
2021m4,OH,CLEVELAND,40832,27109,.39900798
2021m5,OH,CLEVELAND,44944,29938,.39980236
2021m6,OH,CLEVELAND,47167,27859,.3713246
2021m7,OH,CLEVELAND,47513,27538,.36692384
2021m8,OH,CLEVELAND,47810,28502,.37349302
2021m9,OH,CLEVELAND,48042,26776,.35788178
2021m10,OH,CLEVELAND,48130,27979,.36761749
2021m11,OH,CLEVELAND,46969,27931,.37291056
2021m12,OH,CLEVELAND,38249,26747,.41151762
2022m1,OH,CLEVELAND,34756,25370,.42194724
2022m2,OH,CLEVELAND,35220,25368,.41869676
2022m3,OH,CLEVELAND,43209,31051,.41813898
2022m4,OH,CLEVELAND,42039,31090,.42513913
2022m5,OH,CLEVELAND,41568,24654,.3722932
2022m6,OH,CLEVELAND,37796,22560,.37378222
2020m1,OH,COLUMBUS,244742,149627,.37940863
2020m2,OH,COLUMBUS,204886,140456,.40671566
2020m3,OH,COLUMBUS,166439,111454,.40106803
2020m4,OH,COLUMBUS,113865,73544,.39242512
2020m5,OH,COLUMBUS,146413,106842,.42187518
2020m6,OH,COLUMBUS,171915,125452,.42187598
2020m7,OH,COLUMBUS,164064,123520,.42950928
2020m8,OH,COLUMBUS,171688,134851,.43991467
2020m9,OH,COLUMBUS,161820,118716,.42317563
2020m10,OH,COLUMBUS,164110,124468,.43131495
2020m11,OH,COLUMBUS,135252,112856,.45486644
2020m12,OH,COLUMBUS,143851,126396,.46770546
2021m1,OH,COLUMBUS,127179,118533,.48240623
2021m2,OH,COLUMBUS,109261,114338,.5113529
2021m3,OH,COLUMBUS,133197,144960,.52114451
2021m4,OH,COLUMBUS,135632,148319,.52234012
2021m5,OH,COLUMBUS,150611,154733,.50674975
2021m6,OH,COLUMBUS,148240,139586,.48496661
2021m7,OH,COLUMBUS,152548,144022,.48562565
2021m8,OH,COLUMBUS,151782,149029,.49542403
2021m9,OH,COLUMBUS,143377,132695,.48065358
2021m10,OH,COLUMBUS,145992,139962,.48945636
2021m11,OH,COLUMBUS,145275,143491,.49691099
2021m12,OH,COLUMBUS,134178,148977,.52613235
2022m1,OH,COLUMBUS,114070,128713,.53015655
2022m2,OH,COLUMBUS,116864,128318,.52335817
2022m3,OH,COLUMBUS,138994,152999,.52398175
2022m4,OH,COLUMBUS,141314,157005,.526299
2022m5,OH,COLUMBUS,137196,115419,.45689687
2022m6,OH,COLUMBUS,139869,105715,.4304637
2020m1,OK,TULSA,138601,112839,.44877109
2020m2,OK,TULSA,116429,110892,.48782119
2020m3,OK,TULSA,103130,92150,.47188652
2020m4,OK,TULSA,78549,65091,.45315373
2020m5,OK,TULSA,104649,100986,.49109346
2020m6,OK,TULSA,109446,108310,.49739158
2020m7,OK,TULSA,107382,108833,.50335544
2020m8,OK,TULSA,108278,110588,.50527722
2020m9,OK,TULSA,102143,100668,.49636361
2020m10,OK,TULSA,106803,107357,.50129342
2020m11,OK,TULSA,95982,100360,.51114893
2020m12,OK,TULSA,103403,112374,.52078766
2021m1,OK,TULSA,94813,105226,.52602744
2021m2,OK,TULSA,82578,97831,.5422734
2021m3,OK,TULSA,113312,143628,.55899429
2021m4,OK,TULSA,108320,143547,.56993175
2021m5,OK,TULSA,114651,145684,.55960202
2021m6,OK,TULSA,117412,132703,.53056794
2021m7,OK,TULSA,121693,134992,.52590531
2021m8,OK,TULSA,119222,132649,.52665454
2021m9,OK,TULSA,119150,125346,.51267093
2021m10,OK,TULSA,125253,138593,.52527988
2021m11,OK,TULSA,121858,140494,.53551716
2021m12,OK,TULSA,121631,149362,.55116552
2022m1,OK,TULSA,103224,128171,.55390567
2022m2,OK,TULSA,101717,124355,.55006814
2022m3,OK,TULSA,127027,154740,.54917717
2022m4,OK,TULSA,129604,160236,.55284297
2022m5,OK,TULSA,115393,111340,.49106216
2022m6,OK,TULSA,107701,102431,.48746026
2020m1,OR,PORTLAND,135691,58356,.30073127
2020m2,OR,PORTLAND,103753,54718,.34528714
2020m3,OR,PORTLAND,82521,43413,.3447282
2020m4,OR,PORTLAND,57997,28323,.3281163
2020m5,OR,PORTLAND,63664,32997,.34136829
2020m6,OR,PORTLAND,72816,37250,.3384333
2020m7,OR,PORTLAND,74458,41080,.35555401
2020m8,OR,PORTLAND,73550,41737,.36202693
2020m9,OR,PORTLAND,67694,38183,.36063546
2020m10,OR,PORTLAND,71460,40974,.36442712
2020m11,OR,PORTLAND,59145,36161,.37941998
2020m12,OR,PORTLAND,62243,38842,.38425088
2021m1,OR,PORTLAND,55020,36303,.39752308
2021m2,OR,PORTLAND,49964,37004,.42548984
2021m3,OR,PORTLAND,57706,46207,.44467005
2021m4,OR,PORTLAND,58477,47175,.44651309
2021m5,OR,PORTLAND,62103,46962,.43058726
2021m6,OR,PORTLAND,65142,44008,.40318826
2021m7,OR,PORTLAND,68053,46281,.40478772
2021m8,OR,PORTLAND,66904,45348,.40398389
2021m9,OR,PORTLAND,65472,44112,.4025405
2021m10,OR,PORTLAND,66450,46296,.41062212
2021m11,OR,PORTLAND,66091,47313,.41720751
2021m12,OR,PORTLAND,60446,49885,.45213947
2022m1,OR,PORTLAND,52894,44146,.45492581
2022m2,OR,PORTLAND,55214,44054,.44378853
2022m3,OR,PORTLAND,67499,53247,.44098356
2022m4,OR,PORTLAND,65018,51587,.44240814
2022m5,OR,PORTLAND,59551,36787,.38185346
2022m6,OR,PORTLAND,53724,35464,.39763197
2020m1,PA,PHILADELPHIA,324310,174055,.34925205
2020m2,PA,PHILADELPHIA,300064,166581,.35697585
2020m3,PA,PHILADELPHIA,240604,128998,.34901866
2020m4,PA,PHILADELPHIA,142853,73723,.34040245
2020m5,PA,PHILADELPHIA,168648,90721,.34977579
2020m6,PA,PHILADELPHIA,187181,103016,.35498643
2020m7,PA,PHILADELPHIA,198665,115581,.3678042
2020m8,PA,PHILADELPHIA,186940,135353,.41996878
2020m9,PA,PHILADELPHIA,180184,129437,.41804981
2020m10,PA,PHILADELPHIA,174368,120138,.40793058
2020m11,PA,PHILADELPHIA,147843,112548,.43222693
2020m12,PA,PHILADELPHIA,146565,117252,.44444445
2021m1,PA,PHILADELPHIA,138799,119537,.46271908
2021m2,PA,PHILADELPHIA,123499,114651,.48142347
2021m3,PA,PHILADELPHIA,132924,129000,.49250928
2021m4,PA,PHILADELPHIA,138127,135753,.495666
2021m5,PA,PHILADELPHIA,152664,142849,.48339328
2021m6,PA,PHILADELPHIA,159001,131162,.45202869
2021m7,PA,PHILADELPHIA,166795,129398,.43687055
2021m8,PA,PHILADELPHIA,162175,132773,.45015731
2021m9,PA,PHILADELPHIA,161735,120476,.42690045
2021m10,PA,PHILADELPHIA,152762,126710,.45339069
2021m11,PA,PHILADELPHIA,154322,131654,.46036729
2021m12,PA,PHILADELPHIA,138641,121268,.46657869
2022m1,PA,PHILADELPHIA,118296,107419,.47590545
2022m2,PA,PHILADELPHIA,133696,112057,.4559741
2022m3,PA,PHILADELPHIA,150216,132166,.46803975
2022m4,PA,PHILADELPHIA,146955,137845,.48400632
2022m5,PA,PHILADELPHIA,162267,106415,.396063
2022m6,PA,PHILADELPHIA,142645,98887,.40941572
2020m1,TN,MEMPHIS,196135,115633,.37089437
2020m2,TN,MEMPHIS,161404,114736,.41549939
2020m3,TN,MEMPHIS,145068,101134,.41077653
2020m4,TN,MEMPHIS,111232,72713,.3952975
2020m5,TN,MEMPHIS,131340,100016,.43230346
2020m6,TN,MEMPHIS,139631,109254,.43897381
2020m7,TN,MEMPHIS,139677,111639,.44421765
2020m8,TN,MEMPHIS,130809,113006,.46349075
2020m9,TN,MEMPHIS,124376,102380,.45149854
2020m10,TN,MEMPHIS,126702,107176,.45825601
2020m11,TN,MEMPHIS,107176,100271,.48335719
2020m12,TN,MEMPHIS,114082,110088,.49109158
2021m1,TN,MEMPHIS,100188,101789,.50396335
2021m2,TN,MEMPHIS,84904,91813,.51954818
2021m3,TN,MEMPHIS,112772,138115,.55050683
2021m4,TN,MEMPHIS,113027,137572,.54897267
2021m5,TN,MEMPHIS,122393,142937,.53871405
2021m6,TN,MEMPHIS,126376,133010,.51278788
2021m7,TN,MEMPHIS,128455,136562,.51529527
2021m8,TN,MEMPHIS,126981,135709,.51661271
2021m9,TN,MEMPHIS,124024,129302,.5104174
2021m10,TN,MEMPHIS,126045,136557,.52001506
2021m11,TN,MEMPHIS,121976,133810,.52313262
2021m12,TN,MEMPHIS,102595,128610,.55625957
2022m1,TN,MEMPHIS,90130,114766,.56011832
2022m2,TN,MEMPHIS,95288,119768,.5569154
2022m3,TN,MEMPHIS,115890,143535,.55328131
2022m4,TN,MEMPHIS,114864,149133,.56490415
2022m5,TN,MEMPHIS,110983,117458,.51417214
2022m6,TN,MEMPHIS,102756,106956,.51001376
2020m1,TN,NASHVILLE,140174,112875,.44605985
2020m2,TN,NASHVILLE,113138,109728,.49234965
2020m3,TN,NASHVILLE,90579,85567,.48577318
2020m4,TN,NASHVILLE,57551,47551,.45242718
2020m5,TN,NASHVILLE,71858,67886,.48578829
2020m6,TN,NASHVILLE,83833,81292,.49230582
2020m7,TN,NASHVILLE,84021,87165,.50918299
2020m8,TN,NASHVILLE,84170,89970,.51665324
2020m9,TN,NASHVILLE,80911,86122,.51559871
2020m10,TN,NASHVILLE,85216,92362,.52012074
2020m11,TN,NASHVILLE,74027,89394,.54701662
2020m12,TN,NASHVILLE,79545,100406,.55796301
2021m1,TN,NASHVILLE,67799,86284,.55998391
2021m2,TN,NASHVILLE,58219,80761,.58109802
2021m3,TN,NASHVILLE,80590,120277,.59878927
2021m4,TN,NASHVILLE,83139,125150,.60084784
2021m5,TN,NASHVILLE,88409,125159,.58603817
2021m6,TN,NASHVILLE,95439,124143,.56536055
2021m7,TN,NASHVILLE,104709,134980,.56314641
2021m8,TN,NASHVILLE,95952,121001,.55772907
2021m9,TN,NASHVILLE,87270,109032,.55542988
2021m10,TN,NASHVILLE,95366,123182,.56363821
2021m11,TN,NASHVILLE,95375,127258,.57160437
2021m12,TN,NASHVILLE,91500,137518,.6004681
2022m1,TN,NASHVILLE,71656,107786,.6006732
2022m2,TN,NASHVILLE,77396,114932,.59758329
2022m3,TN,NASHVILLE,99515,149462,.60030442
2022m4,TN,NASHVILLE,100603,148798,.59662151
2022m5,TN,NASHVILLE,87286,99644,.53305513
2022m6,TN,NASHVILLE,86863,99048,.53277105
2020m1,TX,AUSTIN,290326,179321,.38182083
2020m2,TX,AUSTIN,215952,174076,.44631669
2020m3,TX,AUSTIN,174576,142399,.44924363
2020m4,TX,AUSTIN,112690,81030,.41828412
2020m5,TX,AUSTIN,148195,121976,.45147702
2020m6,TX,AUSTIN,162294,131457,.44751167
2020m7,TX,AUSTIN,158414,130329,.45136678
2020m8,TX,AUSTIN,164154,144530,.46821344
2020m9,TX,AUSTIN,154685,131280,.45907715
2020m10,TX,AUSTIN,161707,141144,.46605095
2020m11,TX,AUSTIN,142970,136156,.48779404
2020m12,TX,AUSTIN,148375,146168,.49625352
2021m1,TX,AUSTIN,126161,134858,.51665968
2021m2,TX,AUSTIN,107218,127134,.54249161
2021m3,TX,AUSTIN,141392,182770,.56382304
2021m4,TX,AUSTIN,134598,180014,.57217777
2021m5,TX,AUSTIN,148970,188768,.55891848
2021m6,TX,AUSTIN,151365,171660,.53141397
2021m7,TX,AUSTIN,155770,176062,.53057569
2021m8,TX,AUSTIN,156137,182681,.53917146
2021m9,TX,AUSTIN,154306,175636,.53232384
2021m10,TX,AUSTIN,158924,186019,.53927463
2021m11,TX,AUSTIN,158445,190584,.54604059
2021m12,TX,AUSTIN,148638,194612,.56696868
2022m1,TX,AUSTIN,128909,176388,.57775873
2022m2,TX,AUSTIN,127404,175189,.57895917
2022m3,TX,AUSTIN,160515,213990,.57139426
2022m4,TX,AUSTIN,161110,219226,.57640088
2022m5,TX,AUSTIN,148316,154935,.51091337
2022m6,TX,AUSTIN,133277,141588,.51511836
2020m1,TX,DALLAS,490864,239424,.32784873
2020m2,TX,DALLAS,335972,228508,.4048115
2020m3,TX,DALLAS,279409,184473,.39767227
2020m4,TX,DALLAS,192918,108495,.35995463
2020m5,TX,DALLAS,258364,149757,.36694264
2020m6,TX,DALLAS,299474,189313,.38731185
2020m7,TX,DALLAS,283178,173700,.38018903
2020m8,TX,DALLAS,285226,184933,.39334139
2020m9,TX,DALLAS,268813,169030,.38605163
2020m10,TX,DALLAS,277687,192225,.40906596
2020m11,TX,DALLAS,228716,172693,.43021706
2020m12,TX,DALLAS,239342,195640,.44976574
2021m1,TX,DALLAS,214400,191578,.47189257
2021m2,TX,DALLAS,178824,163617,.47779617
2021m3,TX,DALLAS,226547,233449,.50750226
2021m4,TX,DALLAS,216860,240751,.52610403
2021m5,TX,DALLAS,226526,237322,.51163745
2021m6,TX,DALLAS,239873,231127,.4907155
2021m7,TX,DALLAS,233306,226577,.49268401
2021m8,TX,DALLAS,240060,233667,.49325246
2021m9,TX,DALLAS,242855,218736,.47387406
2021m10,TX,DALLAS,245212,240056,.49468747
2021m11,TX,DALLAS,264034,238965,.47508046
2021m12,TX,DALLAS,222228,256612,.53590345
2022m1,TX,DALLAS,199058,236464,.54294389
2022m2,TX,DALLAS,192422,217787,.53091717
2022m3,TX,DALLAS,250626,275853,.52395821
2022m4,TX,DALLAS,244770,281045,.53449404
2022m5,TX,DALLAS,231495,211055,.47690657
2022m6,TX,DALLAS,227127,198467,.46632943
2020m1,TX,EL PASO,187869,79037,.29612297
2020m2,TX,EL PASO,149033,75167,.3352676
2020m3,TX,EL PASO,133228,66571,.33318985
2020m4,TX,EL PASO,85576,38944,.31275296
2020m5,TX,EL PASO,114706,57567,.33416149
2020m6,TX,EL PASO,127796,64970,.33704075
2020m7,TX,EL PASO,123600,65659,.34692669
2020m8,TX,EL PASO,120173,65420,.35249174
2020m9,TX,EL PASO,114046,58714,.33985877
2020m10,TX,EL PASO,113543,60573,.34788877
2020m11,TX,EL PASO,90754,51232,.36082432
2020m12,TX,EL PASO,108838,67996,.3845188
2021m1,TX,EL PASO,97659,64408,.39741588
2021m2,TX,EL PASO,89753,68039,.43119422
2021m3,TX,EL PASO,111067,93005,.45574602
2021m4,TX,EL PASO,107075,90934,.45924175
2021m5,TX,EL PASO,117903,98981,.4563776
2021m6,TX,EL PASO,121116,96120,.44246811
2021m7,TX,EL PASO,128304,105563,.45138049
2021m8,TX,EL PASO,128055,105398,.45147416
2021m9,TX,EL PASO,128832,102093,.44210458
2021m10,TX,EL PASO,131527,110928,.45751995
2021m11,TX,EL PASO,137375,119900,.46603829
2021m12,TX,EL PASO,126547,116507,.47934616
2022m1,TX,EL PASO,107432,102062,.48718339
2022m2,TX,EL PASO,110610,104261,.48522601
2022m3,TX,EL PASO,134028,129297,.49101681
2022m4,TX,EL PASO,136148,132563,.49332926
2022m5,TX,EL PASO,125573,108440,.46339306
2022m6,TX,EL PASO,120793,106646,.46889934
2020m1,TX,FORT WORTH,314749,188861,.37501439
2020m2,TX,FORT WORTH,233644,183267,.43958303
2020m3,TX,FORT WORTH,204624,154415,.43007863
2020m4,TX,FORT WORTH,145652,104993,.41889125
2020m5,TX,FORT WORTH,199683,155188,.43730819
2020m6,TX,FORT WORTH,215187,167109,.43711939
2020m7,TX,FORT WORTH,212475,164812,.43683454
2020m8,TX,FORT WORTH,217503,175374,.44638398
2020m9,TX,FORT WORTH,205925,158552,.43501237
2020m10,TX,FORT WORTH,211164,169584,.44539696
2020m11,TX,FORT WORTH,182639,166897,.47748157
2020m12,TX,FORT WORTH,190326,179762,.48572773
2021m1,TX,FORT WORTH,164811,164532,.49957642
2021m2,TX,FORT WORTH,146686,158806,.51983684
2021m3,TX,FORT WORTH,190491,225677,.54227382
2021m4,TX,FORT WORTH,174892,217993,.55485195
2021m5,TX,FORT WORTH,190068,224630,.54167128
2021m6,TX,FORT WORTH,192543,207447,.51863045
2021m7,TX,FORT WORTH,201688,217557,.51892567
2021m8,TX,FORT WORTH,197595,214461,.52046567
2021m9,TX,FORT WORTH,193772,205090,.51418787
2021m10,TX,FORT WORTH,203699,221901,.52138394
2021m11,TX,FORT WORTH,201697,225716,.52809811
2021m12,TX,FORT WORTH,194113,237606,.55037189
2022m1,TX,FORT WORTH,168514,214967,.56056756
2022m2,TX,FORT WORTH,159320,197060,.55294907
2022m3,TX,FORT WORTH,202650,251896,.55417055
2022m4,TX,FORT WORTH,203202,252662,.55424863
2022m5,TX,FORT WORTH,183381,182553,.49886864
2022m6,TX,FORT WORTH,170063,169867,.49971169
2020m1,TX,HOUSTON,1143180,583636,.33798391
2020m2,TX,HOUSTON,877804,568662,.39313886
2020m3,TX,HOUSTON,729306,468557,.39116076
2020m4,TX,HOUSTON,501223,298463,.37322524
2020m5,TX,HOUSTON,651961,418803,.39112541
2020m6,TX,HOUSTON,701613,445746,.38849741
2020m7,TX,HOUSTON,677383,428610,.38753411
2020m8,TX,HOUSTON,688308,462890,.40209416
2020m9,TX,HOUSTON,654349,436304,.40003926
2020m10,TX,HOUSTON,671467,458369,.40569517
2020m11,TX,HOUSTON,583962,434318,.42652118
2020m12,TX,HOUSTON,603334,478023,.44205844
2021m1,TX,HOUSTON,540410,450600,.45468765
2021m2,TX,HOUSTON,489045,437969,.47245133
2021m3,TX,HOUSTON,592881,580215,.49460146
2021m4,TX,HOUSTON,565379,575894,.50460672
2021m5,TX,HOUSTON,610916,598152,.49472156
2021m6,TX,HOUSTON,621625,554793,.47159514
2021m7,TX,HOUSTON,634705,569523,.47293618
2021m8,TX,HOUSTON,644423,582737,.47486636
2021m9,TX,HOUSTON,627596,544504,.46455422
2021m10,TX,HOUSTON,663329,588752,.47021878
2021m11,TX,HOUSTON,651804,605056,.48140287
2021m12,TX,HOUSTON,608485,637500,.51164341
2022m1,TX,HOUSTON,536249,580154,.51966357
2022m2,TX,HOUSTON,529088,558700,.51361108
2022m3,TX,HOUSTON,659531,701627,.51546329
2022m4,TX,HOUSTON,649636,695622,.51709187
2022m5,TX,HOUSTON,591039,524122,.46999672
2022m6,TX,HOUSTON,532490,481012,.47460389
2020m1,TX,SAN ANTONIO,630219,331642,.34479201
2020m2,TX,SAN ANTONIO,500101,326459,.39496103
2020m3,TX,SAN ANTONIO,439699,277554,.38696805
2020m4,TX,SAN ANTONIO,312499,181592,.36752743
2020m5,TX,SAN ANTONIO,380861,256151,.40211332
2020m6,TX,SAN ANTONIO,405255,271890,.40152404
2020m7,TX,SAN ANTONIO,384357,264102,.40727633
2020m8,TX,SAN ANTONIO,398234,277173,.41037923
2020m9,TX,SAN ANTONIO,381096,259905,.40546739
2020m10,TX,SAN ANTONIO,398672,280184,.41272965
2020m11,TX,SAN ANTONIO,345512,266601,.43554214
2020m12,TX,SAN ANTONIO,373218,298524,.44440275
2021m1,TX,SAN ANTONIO,324986,267823,.45178634
2021m2,TX,SAN ANTONIO,294291,268934,.47748947
2021m3,TX,SAN ANTONIO,369859,378150,.50554204
2021m4,TX,SAN ANTONIO,355419,370782,.51057768
2021m5,TX,SAN ANTONIO,380426,375530,.49676171
2021m6,TX,SAN ANTONIO,394963,354191,.47278798
2021m7,TX,SAN ANTONIO,413167,373549,.47482064
2021m8,TX,SAN ANTONIO,419277,372794,.47065729
2021m9,TX,SAN ANTONIO,400587,346475,.46378347
2021m10,TX,SAN ANTONIO,421684,379917,.47394776
2021m11,TX,SAN ANTONIO,407754,389201,.48836008
2021m12,TX,SAN ANTONIO,393975,416172,.51369935
2022m1,TX,SAN ANTONIO,335006,362563,.51975214
2022m2,TX,SAN ANTONIO,340117,358764,.51334059
2022m3,TX,SAN ANTONIO,426318,448778,.51283288
2022m4,TX,SAN ANTONIO,413754,445127,.51826388
2022m5,TX,SAN ANTONIO,389667,327955,.45700243
2022m6,TX,SAN ANTONIO,362951,310776,.46127883
2020m1,UT,SALT LAKE CITY,64471,34510,.34865278
2020m2,UT,SALT LAKE CITY,53832,33310,.38224965
2020m3,UT,SALT LAKE CITY,46711,27562,.37109044
2020m4,UT,SALT LAKE CITY,34067,19063,.35879916
2020m5,UT,SALT LAKE CITY,39151,23186,.37194604
2020m6,UT,SALT LAKE CITY,41460,24479,.37123704
2020m7,UT,SALT LAKE CITY,40788,24969,.37971622
2020m8,UT,SALT LAKE CITY,40451,26621,.39690185
2020m9,UT,SALT LAKE CITY,39047,25610,.39609015
2020m10,UT,SALT LAKE CITY,38885,25618,.39715981
2020m11,UT,SALT LAKE CITY,31631,22397,.41454431
2020m12,UT,SALT LAKE CITY,33556,24791,.42488903
2021m1,UT,SALT LAKE CITY,30440,23730,.43806535
2021m2,UT,SALT LAKE CITY,28506,23853,.45556638
2021m3,UT,SALT LAKE CITY,33944,30188,.47071666
2021m4,UT,SALT LAKE CITY,33177,30200,.47651356
2021m5,UT,SALT LAKE CITY,36738,30674,.45502284
2021m6,UT,SALT LAKE CITY,38607,28985,.42882293
2021m7,UT,SALT LAKE CITY,39837,29947,.42913848
2021m8,UT,SALT LAKE CITY,41593,31554,.43137792
2021m9,UT,SALT LAKE CITY,39840,28288,.41521841
2021m10,UT,SALT LAKE CITY,40139,31435,.43919581
2021m11,UT,SALT LAKE CITY,38644,31087,.44581321
2021m12,UT,SALT LAKE CITY,40182,36691,.47729373
2022m1,UT,SALT LAKE CITY,36325,34633,.48807746
2022m2,UT,SALT LAKE CITY,36658,35538,.49224335
2022m3,UT,SALT LAKE CITY,38647,34890,.47445503
2022m4,UT,SALT LAKE CITY,37907,33918,.47223112
2022m5,UT,SALT LAKE CITY,36750,24893,.40382525
2022m6,UT,SALT LAKE CITY,34561,23830,.40811083
2020m1,VA,VIRGINIA BEACH,102217,62486,.37938592
2020m2,VA,VIRGINIA BEACH,81989,60657,.42522749
2020m3,VA,VIRGINIA BEACH,73394,56113,.4332816
2020m4,VA,VIRGINIA BEACH,54654,41054,.42895055
2020m5,VA,VIRGINIA BEACH,68093,55294,.44813472
2020m6,VA,VIRGINIA BEACH,79389,66735,.45670116
2020m7,VA,VIRGINIA BEACH,83362,70944,.45976177
2020m8,VA,VIRGINIA BEACH,81101,68255,.45699537
2020m9,VA,VIRGINIA BEACH,75807,58871,.4371241
2020m10,VA,VIRGINIA BEACH,75224,58546,.43766165
2020m11,VA,VIRGINIA BEACH,64333,54112,.45685339
2020m12,VA,VIRGINIA BEACH,68283,58457,.46123561
2021m1,VA,VIRGINIA BEACH,58334,53690,.47927231
2021m2,VA,VIRGINIA BEACH,53464,51543,.49085298
2021m3,VA,VIRGINIA BEACH,64117,68962,.5182035
2021m4,VA,VIRGINIA BEACH,65734,73225,.526954
2021m5,VA,VIRGINIA BEACH,74153,79026,.51590621
2021m6,VA,VIRGINIA BEACH,75722,74532,.49604005
2021m7,VA,VIRGINIA BEACH,81799,81092,.49782982
2021m8,VA,VIRGINIA BEACH,76803,74127,.49113497
2021m9,VA,VIRGINIA BEACH,73383,63491,.46386456
2021m10,VA,VIRGINIA BEACH,72387,64768,.47222486
2021m11,VA,VIRGINIA BEACH,71768,65440,.47694013
2021m12,VA,VIRGINIA BEACH,68052,68296,.50089478
2022m1,VA,VIRGINIA BEACH,55753,57780,.50892693
2022m2,VA,VIRGINIA BEACH,57532,58685,.50496054
2022m3,VA,VIRGINIA BEACH,68539,71627,.51101553
2022m4,VA,VIRGINIA BEACH,71564,75370,.51295137
2022m5,VA,VIRGINIA BEACH,63233,53271,.45724609
2022m6,VA,VIRGINIA BEACH,62298,53484,.4619371
2020m1,WA,SEATTLE,97164,49953,.33954608
2020m2,WA,SEATTLE,78678,46179,.36985511
2020m3,WA,SEATTLE,57584,33522,.36794505
2020m4,WA,SEATTLE,36342,20420,.35974771
2020m5,WA,SEATTLE,42126,24429,.36704981
2020m6,WA,SEATTLE,48096,27998,.36793965
2020m7,WA,SEATTLE,49576,30867,.38371268
2020m8,WA,SEATTLE,48066,31891,.39885187
2020m9,WA,SEATTLE,45731,30467,.39983988
2020m10,WA,SEATTLE,46059,30863,.40122461
2020m11,WA,SEATTLE,36809,27384,.42658857
2020m12,WA,SEATTLE,37608,29591,.4403488
2021m1,WA,SEATTLE,34415,28120,.4496682
2021m2,WA,SEATTLE,30552,27130,.47033736
2021m3,WA,SEATTLE,36301,34577,.48783827
2021m4,WA,SEATTLE,37412,36293,.49240893
2021m5,WA,SEATTLE,40960,37043,.47489199
2021m6,WA,SEATTLE,43121,35618,.45235524
2021m7,WA,SEATTLE,47254,37279,.44099936
2021m8,WA,SEATTLE,44516,36068,.44758263
2021m9,WA,SEATTLE,45050,35368,.43980202
2021m10,WA,SEATTLE,43832,36541,.45464274
2021m11,WA,SEATTLE,43173,37373,.46399572
2021m12,WA,SEATTLE,38722,35985,.48168176
2022m1,WA,SEATTLE,36218,34235,.48592678
2022m2,WA,SEATTLE,36411,33077,.47601023
2022m3,WA,SEATTLE,43747,38818,.4701508
2022m4,WA,SEATTLE,42087,38818,.4797973
2022m5,WA,SEATTLE,41101,28119,.40622652
2022m6,WA,SEATTLE,48083,28326,.3707155
2020m1,WI,MILWAUKEE,97778,48091,.32968622
2020m2,WI,MILWAUKEE,79228,46688,.37078688
2020m3,WI,MILWAUKEE,64180,38064,.3722859
2020m4,WI,MILWAUKEE,46547,26784,.36524799
2020m5,WI,MILWAUKEE,57834,35499,.38034779
2020m6,WI,MILWAUKEE,64717,39767,.38060373
2020m7,WI,MILWAUKEE,66109,40934,.38240707
2020m8,WI,MILWAUKEE,63024,42679,.40376338
2020m9,WI,MILWAUKEE,59457,38695,.39423546
2020m10,WI,MILWAUKEE,58285,37675,.3926115
2020m11,WI,MILWAUKEE,50397,33938,.40241891
2020m12,WI,MILWAUKEE,52732,36276,.40755886
2021m1,WI,MILWAUKEE,47636,36772,.43564591
2021m2,WI,MILWAUKEE,44345,36702,.45284835
2021m3,WI,MILWAUKEE,52525,48885,.48205304
2021m4,WI,MILWAUKEE,53861,50037,.48159733
2021m5,WI,MILWAUKEE,59319,53435,.4739078
2021m6,WI,MILWAUKEE,61565,51161,.45385271
2021m7,WI,MILWAUKEE,63965,54206,.45870814
2021m8,WI,MILWAUKEE,66548,56662,.45988151
2021m9,WI,MILWAUKEE,64825,53750,.45329961
2021m10,WI,MILWAUKEE,64676,55874,.46349233
2021m11,WI,MILWAUKEE,64419,57629,.47218308
2021m12,WI,MILWAUKEE,51991,55052,.51429802
2022m1,WI,MILWAUKEE,47197,53431,.53097546
2022m2,WI,MILWAUKEE,46432,51251,.52466655
2022m3,WI,MILWAUKEE,54884,59772,.52131593
2022m4,WI,MILWAUKEE,54487,61848,.53163707
2022m5,WI,MILWAUKEE,53859,52188,.49212143
2022m6,WI,MILWAUKEE,49539,48463,.49451032
